Response,Response Type,Learner,Response Content,Source,Response Time Type,Point In Time Value,Point In Time Reference System,Interval Start Value,Interval Start Reference System,Interval End Value,Response Time Key,Interval End Reference System,Affects Awareness Observation,Affects Awareness Observation Topic,Affects Awareness Observation Skill
Identifier Hint Response,Response,Learner Blair,Look for whether the identifier is a URI namespace hash URI or slash URI before classifying it,Learning Platform,TimeInterval,,,2026-01-15T10:00:00Z,ISO 8601 UTC,2026-01-15T10:08:00Z,2026-01-15T10:00:00Z to 2026-01-15T10:08:00Z,ISO 8601 UTC,Identifier Awareness After Check,URI,Linked Data Identifier Recognition
Ontology Explanation Response,Response,Learner Alex,Your explanation identifies classes and properties; revise it to mention axioms and shared semantics,Instructor Reviewer,PointInTime,2026-01-16T14:30:00Z,ISO 8601 UTC,,,,2026-01-16T14:30:00Z,,Ontology Awareness After Review,Ontology,Ontology Concept Explanation
Triple Component Hint Response,Response,Learner Blair,Separate the subject predicate and object before deciding whether the object is a resource or literal,Learning Platform,TimeInterval,,,2026-01-17T11:00:00Z,ISO 8601 UTC,2026-01-17T11:15:00Z,2026-01-17T11:00:00Z to 2026-01-17T11:15:00Z,ISO 8601 UTC,RDF Triple Awareness After Quiz,Triple,RDF Triple Interpretation
Schema Reasoning Response,Response,Learner Casey,Your domain and range interpretation is mostly correct; add the inferred class membership explicitly,Instructor Reviewer,PointInTime,2026-01-18T15:20:00Z,ISO 8601 UTC,,,,2026-01-18T15:20:00Z,,RDFS Schema Awareness After Review,Schema,RDFS Schema Reasoning
SPARQL Pattern Hint Response,Response,Learner Blair,Start with the graph pattern inside WHERE and bind the selected variable in the SELECT clause,Learning Platform,TimeInterval,,,2026-01-19T13:00:00Z,ISO 8601 UTC,2026-01-19T13:20:00Z,2026-01-19T13:00:00Z to 2026-01-19T13:20:00Z,ISO 8601 UTC,SPARQL Awareness After Practice,Query,SPARQL Query Construction
OWL Modeling Response,Response,Learner Casey,Your model uses object properties correctly but needs a clearer cardinality axiom,Instructor Reviewer,PointInTime,2026-01-20T16:40:00Z,ISO 8601 UTC,,,,2026-01-20T16:40:00Z,,OWL Modeling Awareness After Review,OWL,OWL Axiom Analysis
Mastery Response,Response,Learner Casey,The reassessment indicates mastery of RDF triples and basic RDFS schema reasoning,Learning Platform,PointInTime,2026-01-21T10:35:00Z,ISO 8601 UTC,,,,2026-01-21T10:35:00Z,,RDF RDFS Mastery Awareness,Schema,RDF RDFS Mastery Demonstration
Corrective Feedback on Identifier Patterns,LearningFeedback,Learner Blair,Identifier patterns were confused with general labels; review URI namespace hash and slash examples,Learning Platform,PointInTime,2026-01-15T10:09:00Z,ISO 8601 UTC,,,,2026-01-15T10:09:00Z,,Identifier Awareness After Check,URI,Linked Data Identifier Recognition
Strategic Feedback on Ontology Explanation,LearningFeedback,Learner Alex,Connect ontology components to the purpose of shared machine-interpretable meaning,Instructor Reviewer,PointInTime,2026-01-16T14:30:00Z,ISO 8601 UTC,,,,2026-01-16T14:30:00Z,,Ontology Awareness After Review,Ontology,Ontology Concept Explanation
Corrective Feedback on Triple Components,LearningFeedback,Learner Blair,The predicate was identified correctly but the literal object was mistaken for a resource,Learning Platform,PointInTime,2026-01-17T11:16:00Z,ISO 8601 UTC,,,,2026-01-17T11:16:00Z,,RDF Triple Awareness After Quiz,Triple,RDF Triple Interpretation
Strategic Feedback on Schema Reasoning,LearningFeedback,Learner Casey,Use domain and range as inference cues rather than only documentation,Instructor Reviewer,PointInTime,2026-01-18T15:20:00Z,ISO 8601 UTC,,,,2026-01-18T15:20:00Z,,RDFS Schema Awareness After Review,Schema,RDFS Schema Reasoning
Corrective Feedback on SPARQL Pattern,LearningFeedback,Learner Blair,The query selected the right variable but the WHERE pattern omitted the predicate,Learning Platform,PointInTime,2026-01-19T13:22:00Z,ISO 8601 UTC,,,,2026-01-19T13:22:00Z,,SPARQL Awareness After Practice,Query,SPARQL Query Construction
Strategic Feedback on OWL Modeling,LearningFeedback,Learner Casey,Revise the model by separating datatype values from object relationships and then add the cardinality constraint,Instructor Reviewer,PointInTime,2026-01-20T16:40:00Z,ISO 8601 UTC,,,,2026-01-20T16:40:00Z,,OWL Modeling Awareness After Review,OWL,OWL Axiom Analysis
Mastery Feedback on RDF RDFS Basics,LearningFeedback,Learner Casey,You met the mastery threshold and can move to OWL modeling extensions,Learning Platform,PointInTime,2026-01-21T10:35:00Z,ISO 8601 UTC,,,,2026-01-21T10:35:00Z,,RDF RDFS Mastery Awareness,Schema,RDF RDFS Mastery Demonstration
Metadata Concept Check Score,EvaluationResult,Learner Alex,Metadata Concept Check scored result: 82 Score Percent for Semantic Web Vocabulary Recall with correct examples and one missed boundary case.,Learning Platform,PointInTime,2026-01-15T09:45:00Z,ISO 8601 UTC,,,,2026-01-15T09:45:00Z,,Metadata Awareness After Check,Metadata,Semantic Web Vocabulary Recall
RDF Triple Quiz Score,EvaluationResult,Learner Blair,Score percent 76 for RDF triple interpretation,Learning Platform,PointInTime,2026-01-17T11:16:00Z,ISO 8601 UTC,,,,2026-01-17T11:16:00Z,,RDF Triple Awareness After Quiz,Triple,RDF Triple Interpretation
RDFS Schema Rubric Result,EvaluationResult,Learner Casey,Rubric level 3 for RDFS schema reasoning,Instructor Reviewer,PointInTime,2026-01-18T15:20:00Z,ISO 8601 UTC,,,,2026-01-18T15:20:00Z,,RDFS Schema Awareness After Review,Schema,RDFS Schema Reasoning
SPARQL Query Practice Score,EvaluationResult,Learner Blair,Score percent 82 for SPARQL query practice,Learning Platform,PointInTime,2026-01-19T13:22:00Z,ISO 8601 UTC,,,,2026-01-19T13:22:00Z,,SPARQL Awareness After Practice,Query,SPARQL Query Construction
OWL Modeling Review Rubric Result,EvaluationResult,Learner Casey,Rubric level 2 for OWL modeling review,Instructor Reviewer,PointInTime,2026-01-20T16:40:00Z,ISO 8601 UTC,,,,2026-01-20T16:40:00Z,,OWL Modeling Awareness After Review,OWL,OWL Axiom Analysis
RDF RDFS Reassessment Score,EvaluationResult,Learner Casey,Score percent 91 for RDF and RDFS reassessment,Learning Platform,PointInTime,2026-01-21T10:35:00Z,ISO 8601 UTC,,,,2026-01-21T10:35:00Z,,RDF RDFS Mastery Awareness,Schema,RDF RDFS Mastery Demonstration
Learner Ontology Explanation,Response,Learner Alex,An ontology defines the concepts and relationships for a domain so data can be interpreted consistently,Learner Alex,TimeInterval,,,2026-01-16T14:00:00Z,ISO 8601 UTC,2026-01-16T14:25:00Z,2026-01-16T14:00:00Z to 2026-01-16T14:25:00Z,ISO 8601 UTC,Ontology Awareness After Review,Ontology,Ontology Concept Explanation
Learner SPARQL Query Attempt,Response,Learner Blair,SELECT ?s WHERE { ?s a ?type },Learner Blair,TimeInterval,,,2026-01-19T13:00:00Z,ISO 8601 UTC,2026-01-19T13:20:00Z,2026-01-19T13:00:00Z to 2026-01-19T13:20:00Z,ISO 8601 UTC,SPARQL Awareness After Practice,Query,SPARQL Query Construction
Metadata Vocabulary Recall Hint,Response,Learner Ethan,"Metadata Vocabulary Recall: mark the evidence first, then revise the answer using the Metadata evidence from Metadata Example Sort.",Adaptive Tutor,PointInTime,2026-02-01T14:00:00Z,ISO 8601 UTC,,,,2026-02-01T14:00:00Z,,Metadata Example Sortpoint,Metadata,Metadata Vocabulary Recall
Metadata Vocabulary Recall Correction Note,LearningFeedback,Learner Ethan,Metadata Vocabulary Recall: correct the missing cue around Metadata before resubmitting the practice artifact.,Learning Platform,PointInTime,2026-02-01T14:00:00Z,ISO 8601 UTC,,,,2026-02-01T14:00:00Z,,Metadata Example Sortpoint,Metadata,Metadata Vocabulary Recall
Metadata Example Sort Score Record,EvaluationResult,Learner Ethan,Metadata Example Sort recorded outcome: 64 Score Percent for Metadata Vocabulary Recall.,Learning Platform,PointInTime,2026-02-01T14:00:00Z,ISO 8601 UTC,,,,2026-02-01T14:00:00Z,,Metadata Example Sortpoint,Metadata,Metadata Vocabulary Recall
Ontology Component Explanation Review Guidance,Response,Learner Debbie,Ontology Component Explanation: compare your draft with the worked case using the Ontology evidence from Ontology Component Walkthrough.,Adaptive Tutor,PointInTime,2026-02-02T14:07:00Z,ISO 8601 UTC,,,,2026-02-02T14:07:00Z,,Ontology Component Explanation Review,Ontology,Ontology Component Explanation
Ontology Component Explanation Revision Guidance,LearningFeedback,Learner Debbie,Ontology Component Explanation: separate the confused terms around Ontology before resubmitting the practice artifact.,Instructor Reviewer,PointInTime,2026-02-02T14:07:00Z,ISO 8601 UTC,,,,2026-02-02T14:07:00Z,,Ontology Component Explanation Review,Ontology,Ontology Component Explanation
Ontology Component Walkthrough Rubric Rating,EvaluationResult,Learner Debbie,Ontology Component Walkthrough checkpoint value: 71 Score Percent for Ontology Component Explanation.,Instructor Reviewer,PointInTime,2026-02-02T14:07:00Z,ISO 8601 UTC,,,,2026-02-02T14:07:00Z,,Ontology Component Explanation Review,Ontology,Ontology Component Explanation
Knowledge Graph Structure Explanation Next Step,Response,Learner Darwin,Knowledge Graph Structure Explanation: name the missing assumption before continuing using the Schema evidence from Knowledge Graph Structure Sketch.,Adaptive Tutor,PointInTime,2026-02-03T14:14:00Z,ISO 8601 UTC,,,,2026-02-03T14:14:00Z,,Knowledge Graph Structure Explanation Practice Update,Schema,Knowledge Graph Structure Explanation
Knowledge Graph Structure Explanation Coaching Note,LearningFeedback,Learner Darwin,Knowledge Graph Structure Explanation: make the decision rule explicit around Schema before resubmitting the practice artifact.,Learning Platform,PointInTime,2026-02-03T14:14:00Z,ISO 8601 UTC,,,,2026-02-03T14:14:00Z,,Knowledge Graph Structure Explanation Practice Update,Schema,Knowledge Graph Structure Explanation
Knowledge Graph Structure Sketch Checkpoint Score,EvaluationResult,Learner Darwin,Knowledge Graph Structure Sketch assessment entry: 78 Score Percent for Knowledge Graph Structure Explanation.,Learning Platform,PointInTime,2026-02-03T14:14:00Z,ISO 8601 UTC,,,,2026-02-03T14:14:00Z,,Knowledge Graph Structure Explanation Practice Update,Schema,Knowledge Graph Structure Explanation
Identifier Pattern Recognition Practice Prompt,Response,Learner Carla,Identifier Pattern Recognition: write the relation or rule in plain language using the URI evidence from Identifier Pattern Sorting Task.,Adaptive Tutor,PointInTime,2026-02-04T14:21:00Z,ISO 8601 UTC,,,,2026-02-04T14:21:00Z,,Identifier Pattern Recognition Scenario Update,URI,Identifier Pattern Recognition
Identifier Pattern Recognition Practice Cue,LearningFeedback,Learner Carla,Identifier Pattern Recognition: add evidence for the modeling choice around URI before resubmitting the practice artifact.,Learning Platform,PointInTime,2026-02-04T14:21:00Z,ISO 8601 UTC,,,,2026-02-04T14:21:00Z,,Identifier Pattern Recognition Scenario Update,URI,Identifier Pattern Recognition
Identifier Pattern Sorting Task Performance Note,EvaluationResult,Learner Carla,Identifier Pattern Sorting Task evidence update: 85 Score Percent for Identifier Pattern Recognition.,Learning Platform,PointInTime,2026-02-04T14:21:00Z,ISO 8601 UTC,,,,2026-02-04T14:21:00Z,,Identifier Pattern Recognition Scenario Update,URI,Identifier Pattern Recognition
Logic Operator Recognition Revision Cue,Response,Learner Darwin,Logic Operator Recognition: try the task again with one fewer hint using the Conjunction evidence from Logic Operator Mini Quiz.,Adaptive Tutor,PointInTime,2026-02-05T14:28:00Z,ISO 8601 UTC,,,,2026-02-05T14:28:00Z,,Logic Operator Recognition Task Evidence,Conjunction,Logic Operator Recognition
Logic Operator Recognition Review Comment,LearningFeedback,Learner Darwin,Logic Operator Recognition: extend the same reasoning around Conjunction before resubmitting the practice artifact.,Learning Platform,PointInTime,2026-02-05T14:28:00Z,ISO 8601 UTC,,,,2026-02-05T14:28:00Z,,Logic Operator Recognition Task Evidence,Conjunction,Logic Operator Recognition
Logic Operator Mini Quiz Assessment Value,EvaluationResult,Learner Darwin,Logic Operator Mini Quiz scored artifact: 92 Score Percent for Logic Operator Recognition.,Learning Platform,PointInTime,2026-02-05T14:28:00Z,ISO 8601 UTC,,,,2026-02-05T14:28:00Z,,Logic Operator Recognition Task Evidence,Conjunction,Logic Operator Recognition
Propositional Statement Reasoning Tutor Note,Response,Learner Connie,Propositional Statement Reasoning: check whether the example supports the conclusion using the Conjunction evidence from Proposition Truth Table Task.,Adaptive Tutor,PointInTime,2026-02-06T14:00:00Z,ISO 8601 UTC,,,,2026-02-06T14:00:00Z,,Propositional Statement Reasoning Revision State,Conjunction,Propositional Statement Reasoning
Propositional Statement Reasoning Next Step Note,LearningFeedback,Learner Connie,Propositional Statement Reasoning: separate the confused terms around Conjunction before resubmitting the practice artifact.,Learning Platform,PointInTime,2026-02-06T14:00:00Z,ISO 8601 UTC,,,,2026-02-06T14:00:00Z,,Propositional Statement Reasoning Revision State,Conjunction,Propositional Statement Reasoning
Proposition Truth Table Task Review Result,EvaluationResult,Learner Connie,Proposition Truth Table Task review summary: 66 Score Percent for Propositional Statement Reasoning.,Learning Platform,PointInTime,2026-02-06T14:00:00Z,ISO 8601 UTC,,,,2026-02-06T14:00:00Z,,Propositional Statement Reasoning Revision State,Conjunction,Propositional Statement Reasoning
Datalog Rule Tracepoint Advice,Response,Learner Courtney,Datalog Rule Interpretation: turn the feedback into a two-step revision using the Inference evidence from Datalog Rule Trace.,Adaptive Tutor,PointInTime,2026-02-07T14:07:00Z,ISO 8601 UTC,,,,2026-02-07T14:07:00Z,,Datalog Rule Interpretation Rubric Update,Inference,Datalog Rule Interpretation
Datalog Rule Interpretation Evidence Prompt,LearningFeedback,Learner Courtney,Datalog Rule Interpretation: make the decision rule explicit around Inference before resubmitting the practice artifact.,Learning Platform,PointInTime,2026-02-07T14:07:00Z,ISO 8601 UTC,,,,2026-02-07T14:07:00Z,,Datalog Rule Interpretation Rubric Update,Inference,Datalog Rule Interpretation
Datalog Rule Trace Task Score,EvaluationResult,Learner Courtney,Datalog Rule Trace performance trace: 73 Score Percent for Datalog Rule Interpretation.,Learning Platform,PointInTime,2026-02-07T14:07:00Z,ISO 8601 UTC,,,,2026-02-07T14:07:00Z,,Datalog Rule Interpretation Rubric Update,Inference,Datalog Rule Interpretation
Predicate Logic Statement Interpretation Extension Prompt,Response,Learner Edward,Predicate Logic Statement Interpretation: use a contrasting example to test the claim using the Predicate evidence from Predicate Translation Task.,Adaptive Tutor,PointInTime,2026-02-08T14:14:00Z,ISO 8601 UTC,,,,2026-02-08T14:14:00Z,,Predicate Logic Statement Interpretation Application Snapshot,Predicate,Predicate Logic Statement Interpretation
Predicate Logic Statement Interpretation Extension Prompt,LearningFeedback,Learner Edward,Predicate Logic Statement Interpretation: use a contrasting example to test the claim using the Predicate evidence from Predicate Translation Task.,Learning Platform,PointInTime,2026-02-08T14:14:00Z,ISO 8601 UTC,,,,2026-02-08T14:14:00Z,,Predicate Logic Statement Interpretation Application Snapshot,Predicate,Predicate Logic Statement Interpretation
Predicate Translation Task Evidence Rating,EvaluationResult,Learner Edward,Predicate Translation Task rubric entry: 80 Score Percent for Predicate Logic Statement Interpretation.,Learning Platform,PointInTime,2026-02-08T14:14:00Z,ISO 8601 UTC,,,,2026-02-08T14:14:00Z,,Predicate Logic Statement Interpretation Application Snapshot,Predicate,Predicate Logic Statement Interpretation
Description Logic Constraint Reasoning Hint,Response,Learner Darwin,Description Logic Constraint Reasoning: add a short rationale for the chosen representation using the Expressivity evidence from Description Logic Constraint Review.,Adaptive Tutor,PointInTime,2026-02-09T14:21:00Z,ISO 8601 UTC,,,,2026-02-09T14:21:00Z,,Description Logic Constraint Reasoning Checkpoint,Expressivity,Description Logic Constraint Reasoning
Description Logic Constraint Reasoning Correction Note,LearningFeedback,Learner Darwin,Description Logic Constraint Reasoning: strengthen the justification around Expressivity before resubmitting the practice artifact.,Instructor Reviewer,PointInTime,2026-02-09T14:21:00Z,ISO 8601 UTC,,,,2026-02-09T14:21:00Z,,Description Logic Constraint Reasoning Checkpoint,Expressivity,Description Logic Constraint Reasoning
Description Logic Constraint Review Score Record,EvaluationResult,Learner Darwin,Description Logic Constraint Review recorded outcome: 4 Rubric Level for Description Logic Constraint Reasoning.,Instructor Reviewer,PointInTime,2026-02-09T14:21:00Z,ISO 8601 UTC,,,,2026-02-09T14:21:00Z,,Description Logic Constraint Reasoning Checkpoint,Expressivity,Description Logic Constraint Reasoning
Rule Based Inference Explanation Review Guidance,Response,Learner Chris,Rule Based Inference Explanation: separate terminology recall from model judgment using the Inference evidence from Rule Inference Trace.,Adaptive Tutor,PointInTime,2026-02-10T14:28:00Z,ISO 8601 UTC,,,,2026-02-10T14:28:00Z,,Rule Based Inference Explanation Review,Inference,Rule Based Inference Explanation
Rule Based Inference Explanation Revision Guidance,LearningFeedback,Learner Chris,Rule Based Inference Explanation: move to a less guided case around Inference before resubmitting the practice artifact.,Learning Platform,PointInTime,2026-02-10T14:28:00Z,ISO 8601 UTC,,,,2026-02-10T14:28:00Z,,Rule Based Inference Explanation Review,Inference,Rule Based Inference Explanation
Rule Inference Trace Rubric Rating,EvaluationResult,Learner Chris,Rule Inference Trace checkpoint value: 94 Score Percent for Rule Based Inference Explanation.,Learning Platform,PointInTime,2026-02-10T14:28:00Z,ISO 8601 UTC,,,,2026-02-10T14:28:00Z,,Rule Based Inference Explanation Review,Inference,Rule Based Inference Explanation
Set Relationship Reasoning Next Step,Response,Learner Cameron,Set Relationship Reasoning: trace the decision from topic cue to final artifact using the Union evidence from Set Relationship Diagram Task.,Adaptive Tutor,PointInTime,2026-02-11T14:00:00Z,ISO 8601 UTC,,,,2026-02-11T14:00:00Z,,Set Relationship Reasoning Practice Update,Union,Set Relationship Reasoning
Set Relationship Reasoning Coaching Note,LearningFeedback,Learner Cameron,Set Relationship Reasoning: repair the unsupported step around Union before resubmitting the practice artifact.,Learning Platform,PointInTime,2026-02-11T14:00:00Z,ISO 8601 UTC,,,,2026-02-11T14:00:00Z,,Set Relationship Reasoning Practice Update,Union,Set Relationship Reasoning
Set Relationship Diagram Task Checkpoint Score,EvaluationResult,Learner Cameron,Set Relationship Diagram Task assessment entry: 68 Score Percent for Set Relationship Reasoning.,Learning Platform,PointInTime,2026-02-11T14:00:00Z,ISO 8601 UTC,,,,2026-02-11T14:00:00Z,,Set Relationship Reasoning Practice Update,Union,Set Relationship Reasoning
Discrete Relation Property Recognition Practice Prompt,Response,Learner Oratius,Discrete Relation Property Recognition: summarize the result as a reviewer note using the Functionality evidence from Relation Property Classification.,Adaptive Tutor,PointInTime,2026-02-12T14:07:00Z,ISO 8601 UTC,,,,2026-02-12T14:07:00Z,,Discrete Relation Property Recognition Scenario Update,Functionality,Discrete Relation Property Recognition
Discrete Relation Property Recognition Practice Cue,LearningFeedback,Learner Oratius,Discrete Relation Property Recognition: add evidence for the modeling choice around Functionality before resubmitting the practice artifact.,Instructor Reviewer,PointInTime,2026-02-12T14:07:00Z,ISO 8601 UTC,,,,2026-02-12T14:07:00Z,,Discrete Relation Property Recognition Scenario Update,Functionality,Discrete Relation Property Recognition
Relation Property Classification Performance Note,EvaluationResult,Learner Oratius,Relation Property Classification evidence update: 75 Score Percent for Discrete Relation Property Recognition.,Instructor Reviewer,PointInTime,2026-02-12T14:07:00Z,ISO 8601 UTC,,,,2026-02-12T14:07:00Z,,Discrete Relation Property Recognition Scenario Update,Functionality,Discrete Relation Property Recognition
Open Closed World Assumption Comparison Revision Cue,Response,Learner Courtney,"Open Closed World Assumption Comparison: mark the evidence first, then revise the answer using the Inference evidence from Assumption Boundary Scenario.",Adaptive Tutor,PointInTime,2026-02-13T14:14:00Z,ISO 8601 UTC,,,,2026-02-13T14:14:00Z,,Open Closed World Assumption Comparison Task Evidence,Inference,Open Closed World Assumption Comparison
Open Closed World Assumption Comparison Review Comment,LearningFeedback,Learner Courtney,Open Closed World Assumption Comparison: strengthen the justification around Inference before resubmitting the practice artifact.,Learning Platform,PointInTime,2026-02-13T14:14:00Z,ISO 8601 UTC,,,,2026-02-13T14:14:00Z,,Open Closed World Assumption Comparison Task Evidence,Inference,Open Closed World Assumption Comparison
Assumption Boundary Scenario Assessment Value,EvaluationResult,Learner Courtney,Assumption Boundary Scenario scored artifact: 82 Score Percent for Open Closed World Assumption Comparison.,Learning Platform,PointInTime,2026-02-13T14:14:00Z,ISO 8601 UTC,,,,2026-02-13T14:14:00Z,,Open Closed World Assumption Comparison Task Evidence,Inference,Open Closed World Assumption Comparison
RDF Graph Interpretation Tutor Note,Response,Learner Elias,RDF Graph Interpretation: compare your draft with the worked case using the Triple evidence from RDF Graph Annotation Task.,Adaptive Tutor,PointInTime,2026-02-14T14:21:00Z,ISO 8601 UTC,,,,2026-02-14T14:21:00Z,,RDF Graph Interpretation Revision State,Triple,RDF Graph Interpretation
RDF Graph Interpretation Next Step Note,LearningFeedback,Learner Elias,RDF Graph Interpretation: compare the nearby alternative around Triple before resubmitting the practice artifact.,Learning Platform,PointInTime,2026-02-14T14:21:00Z,ISO 8601 UTC,,,,2026-02-14T14:21:00Z,,RDF Graph Interpretation Revision State,Triple,RDF Graph Interpretation
RDF Graph Annotation Task Review Result,EvaluationResult,Learner Elias,RDF Graph Annotation Task review summary: 89 Score Percent for RDF Graph Interpretation.,Learning Platform,PointInTime,2026-02-14T14:21:00Z,ISO 8601 UTC,,,,2026-02-14T14:21:00Z,,RDF Graph Interpretation Revision State,Triple,RDF Graph Interpretation
RDFS Vocabulary Inference Reviewpoint Advice,Response,Learner Ronnie,RDFS Vocabulary Reasoning: name the missing assumption before continuing using the Subclass evidence from RDFS Vocabulary Inference Review.,Adaptive Tutor,PointInTime,2026-02-15T14:28:00Z,ISO 8601 UTC,,,,2026-02-15T14:28:00Z,,RDFS Vocabulary Reasoning Rubric Update,Subclass,RDFS Vocabulary Reasoning
RDFS Vocabulary Reasoning Evidence Prompt,LearningFeedback,Learner Ronnie,RDFS Vocabulary Reasoning: explain the successful pattern around Subclass before resubmitting the practice artifact.,Learning Platform,PointInTime,2026-02-15T14:28:00Z,ISO 8601 UTC,,,,2026-02-15T14:28:00Z,,RDFS Vocabulary Reasoning Rubric Update,Subclass,RDFS Vocabulary Reasoning
RDFS Vocabulary Inference Review Task Score,EvaluationResult,Learner Ronnie,RDFS Vocabulary Inference Review performance trace: 96 Score Percent for RDFS Vocabulary Reasoning.,Learning Platform,PointInTime,2026-02-15T14:28:00Z,ISO 8601 UTC,,,,2026-02-15T14:28:00Z,,RDFS Vocabulary Reasoning Rubric Update,Subclass,RDFS Vocabulary Reasoning
RDF Serialization Format Comparison Extension Prompt,Response,Learner Usman,RDF Serialization Format Comparison: write the relation or rule in plain language using the RDF/XML evidence from Serialization Format Comparison Brief.,Adaptive Tutor,PointInTime,2026-02-16T14:00:00Z,ISO 8601 UTC,,,,2026-02-16T14:00:00Z,,RDF Serialization Format Comparison Application Snapshot,RDF/XML,RDF Serialization Format Comparison
RDF Serialization Format Comparison Extension Prompt,LearningFeedback,Learner Usman,RDF Serialization Format Comparison: write the relation or rule in plain language using the RDF/XML evidence from Serialization Format Comparison Brief.,Learning Platform,PointInTime,2026-02-16T14:00:00Z,ISO 8601 UTC,,,,2026-02-16T14:00:00Z,,RDF Serialization Format Comparison Application Snapshot,RDF/XML,RDF Serialization Format Comparison
Serialization Format Comparison Brief Evidence Rating,EvaluationResult,Learner Usman,Serialization Format Comparison Brief rubric entry: 70 Score Percent for RDF Serialization Format Comparison.,Learning Platform,PointInTime,2026-02-16T14:00:00Z,ISO 8601 UTC,,,,2026-02-16T14:00:00Z,,RDF Serialization Format Comparison Application Snapshot,RDF/XML,RDF Serialization Format Comparison
RDF Star Statement Annotation Hint,Response,Learner Stella,RDF Star Statement Annotation: try the task again with one fewer hint using the Triple evidence from RDF Star Annotation Exercise.,Adaptive Tutor,PointInTime,2026-02-17T14:07:00Z,ISO 8601 UTC,,,,2026-02-17T14:07:00Z,,RDF Star Annotation Exercisepoint,Triple,RDF Star Statement Annotation
RDF Star Statement Annotation Correction Note,LearningFeedback,Learner Stella,RDF Star Statement Annotation: strengthen the justification around Triple before resubmitting the practice artifact.,Learning Platform,PointInTime,2026-02-17T14:07:00Z,ISO 8601 UTC,,,,2026-02-17T14:07:00Z,,RDF Star Annotation Exercisepoint,Triple,RDF Star Statement Annotation
RDF Star Annotation Exercise Score Record,EvaluationResult,Learner Stella,RDF Star Annotation Exercise recorded outcome: 77 Score Percent for RDF Star Statement Annotation.,Learning Platform,PointInTime,2026-02-17T14:07:00Z,ISO 8601 UTC,,,,2026-02-17T14:07:00Z,,RDF Star Annotation Exercisepoint,Triple,RDF Star Statement Annotation
SPARQL Query Pattern Construction Review Guidance,Response,Learner Debbie,SPARQL Query Pattern Construction: check whether the example supports the conclusion using the Query evidence from SPARQL Query Repair Task.,Adaptive Tutor,PointInTime,2026-02-18T14:14:00Z,ISO 8601 UTC,,,,2026-02-18T14:14:00Z,,SPARQL Query Pattern Construction Review,Query,SPARQL Query Pattern Construction
SPARQL Query Pattern Construction Revision Guidance,LearningFeedback,Learner Debbie,SPARQL Query Pattern Construction: compare the nearby alternative around Query before resubmitting the practice artifact.,Learning Platform,PointInTime,2026-02-18T14:14:00Z,ISO 8601 UTC,,,,2026-02-18T14:14:00Z,,SPARQL Query Pattern Construction Review,Query,SPARQL Query Pattern Construction
SPARQL Query Repair Task Rubric Rating,EvaluationResult,Learner Debbie,SPARQL Query Repair Task checkpoint value: 84 Score Percent for SPARQL Query Pattern Construction.,Learning Platform,PointInTime,2026-02-18T14:14:00Z,ISO 8601 UTC,,,,2026-02-18T14:14:00Z,,SPARQL Query Pattern Construction Review,Query,SPARQL Query Pattern Construction
SWRL Rule Inference Explanation Next Step,Response,Learner Silas,SWRL Rule Inference Explanation: turn the feedback into a two-step revision using the OWL evidence from SWRL Inference Review.,Adaptive Tutor,PointInTime,2026-02-19T14:21:00Z,ISO 8601 UTC,,,,2026-02-19T14:21:00Z,,SWRL Rule Inference Explanation Practice Update,OWL,SWRL Rule Inference Explanation
SWRL Rule Inference Explanation Coaching Note,LearningFeedback,Learner Silas,SWRL Rule Inference Explanation: explain the successful pattern around OWL before resubmitting the practice artifact.,Instructor Reviewer,PointInTime,2026-02-19T14:21:00Z,ISO 8601 UTC,,,,2026-02-19T14:21:00Z,,SWRL Rule Inference Explanation Practice Update,OWL,SWRL Rule Inference Explanation
SWRL Inference Review Checkpoint Score,EvaluationResult,Learner Silas,SWRL Inference Review assessment entry: 91 Score Percent for SWRL Rule Inference Explanation.,Instructor Reviewer,PointInTime,2026-02-19T14:21:00Z,ISO 8601 UTC,,,,2026-02-19T14:21:00Z,,SWRL Rule Inference Explanation Practice Update,OWL,SWRL Rule Inference Explanation
OWL Modeling Constraint Analysis Practice Prompt,Response,Learner Kai,OWL Modeling Constraint Analysis: use a contrasting example to test the claim using the OWL evidence from OWL Constraint Modeling Review.,Adaptive Tutor,PointInTime,2026-02-20T14:28:00Z,ISO 8601 UTC,,,,2026-02-20T14:28:00Z,,OWL Modeling Constraint Analysis Scenario Update,OWL,OWL Modeling Constraint Analysis
OWL Modeling Constraint Analysis Practice Cue,LearningFeedback,Learner Kai,OWL Modeling Constraint Analysis: recheck the example boundary around OWL before resubmitting the practice artifact.,Instructor Reviewer,PointInTime,2026-02-20T14:28:00Z,ISO 8601 UTC,,,,2026-02-20T14:28:00Z,,OWL Modeling Constraint Analysis Scenario Update,OWL,OWL Modeling Constraint Analysis
OWL Constraint Modeling Review Performance Note,EvaluationResult,Learner Kai,OWL Constraint Modeling Review evidence update: 65 Score Percent for OWL Modeling Constraint Analysis.,Instructor Reviewer,PointInTime,2026-02-20T14:28:00Z,ISO 8601 UTC,,,,2026-02-20T14:28:00Z,,OWL Modeling Constraint Analysis Scenario Update,OWL,OWL Modeling Constraint Analysis
OWL Dialect Selection Revision Cue,Response,Learner Ella,OWL Dialect Selection: add a short rationale for the chosen representation using the Expressivity evidence from OWL Dialect Selection Brief.,Adaptive Tutor,PointInTime,2026-02-21T14:00:00Z,ISO 8601 UTC,,,,2026-02-21T14:00:00Z,,OWL Dialect Selection Task Evidence,Expressivity,OWL Dialect Selection
OWL Dialect Selection Review Comment,LearningFeedback,Learner Ella,OWL Dialect Selection: strengthen the justification around Expressivity before resubmitting the practice artifact.,Instructor Reviewer,PointInTime,2026-02-21T14:00:00Z,ISO 8601 UTC,,,,2026-02-21T14:00:00Z,,OWL Dialect Selection Task Evidence,Expressivity,OWL Dialect Selection
OWL Dialect Selection Brief Assessment Value,EvaluationResult,Learner Ella,OWL Dialect Selection Brief scored artifact: 72 Score Percent for OWL Dialect Selection.,Instructor Reviewer,PointInTime,2026-02-21T14:00:00Z,ISO 8601 UTC,,,,2026-02-21T14:00:00Z,,OWL Dialect Selection Task Evidence,Expressivity,OWL Dialect Selection
Manchester Syntax Translation Tutor Note,Response,Learner Courtney,Manchester Syntax Translation: separate terminology recall from model judgment using the Axiom evidence from Manchester Axiom Translation.,Adaptive Tutor,PointInTime,2026-02-22T14:07:00Z,ISO 8601 UTC,,,,2026-02-22T14:07:00Z,,Manchester Syntax Translation Revision State,Axiom,Manchester Syntax Translation
Manchester Syntax Translation Next Step Note,LearningFeedback,Learner Courtney,Manchester Syntax Translation: compare the nearby alternative around Axiom before resubmitting the practice artifact.,Instructor Reviewer,PointInTime,2026-02-22T14:07:00Z,ISO 8601 UTC,,,,2026-02-22T14:07:00Z,,Manchester Syntax Translation Revision State,Axiom,Manchester Syntax Translation
Manchester Axiom Translation Review Result,EvaluationResult,Learner Courtney,Manchester Axiom Translation review summary: 79 Score Percent for Manchester Syntax Translation.,Instructor Reviewer,PointInTime,2026-02-22T14:07:00Z,ISO 8601 UTC,,,,2026-02-22T14:07:00Z,,Manchester Syntax Translation Revision State,Axiom,Manchester Syntax Translation
SHACL Shape Validation Taskpoint Advice,Response,Learner Ethan,SHACL Constraint Validation: trace the decision from topic cue to final artifact using the Schema evidence from SHACL Shape Validation Task.,Adaptive Tutor,PointInTime,2026-02-23T14:14:00Z,ISO 8601 UTC,,,,2026-02-23T14:14:00Z,,SHACL Constraint Validation Rubric Update,Schema,SHACL Constraint Validation
SHACL Constraint Validation Evidence Prompt,LearningFeedback,Learner Ethan,SHACL Constraint Validation: make the decision rule explicit around Schema before resubmitting the practice artifact.,Instructor Reviewer,PointInTime,2026-02-23T14:14:00Z,ISO 8601 UTC,,,,2026-02-23T14:14:00Z,,SHACL Constraint Validation Rubric Update,Schema,SHACL Constraint Validation
SHACL Shape Validation Task Task Score,EvaluationResult,Learner Ethan,SHACL Shape Validation Task performance trace: 86 Score Percent for SHACL Constraint Validation.,Instructor Reviewer,PointInTime,2026-02-23T14:14:00Z,ISO 8601 UTC,,,,2026-02-23T14:14:00Z,,SHACL Constraint Validation Rubric Update,Schema,SHACL Constraint Validation
Schema.org Vocabulary Alignment Extension Prompt,Response,Learner Connie,Schema.org Vocabulary Alignment: summarize the result as a reviewer note using the rangeIncludes evidence from Schema.org Alignment Exercise.,Adaptive Tutor,PointInTime,2026-02-24T14:21:00Z,ISO 8601 UTC,,,,2026-02-24T14:21:00Z,,Schema.org Vocabulary Alignment Application Snapshot,rangeIncludes,Schema.org Vocabulary Alignment
Schema.org Vocabulary Alignment Extension Prompt,LearningFeedback,Learner Connie,Schema.org Vocabulary Alignment: summarize the result as a reviewer note using the rangeIncludes evidence from Schema.org Alignment Exercise.,Learning Platform,PointInTime,2026-02-24T14:21:00Z,ISO 8601 UTC,,,,2026-02-24T14:21:00Z,,Schema.org Vocabulary Alignment Application Snapshot,rangeIncludes,Schema.org Vocabulary Alignment
Schema.org Alignment Exercise Evidence Rating,EvaluationResult,Learner Connie,Schema.org Alignment Exercise rubric entry: 93 Score Percent for Schema.org Vocabulary Alignment.,Learning Platform,PointInTime,2026-02-24T14:21:00Z,ISO 8601 UTC,,,,2026-02-24T14:21:00Z,,Schema.org Vocabulary Alignment Application Snapshot,rangeIncludes,Schema.org Vocabulary Alignment
Dublin Core Metadata Mapping Hint,Response,Learner Edward,"Dublin Core Metadata Mapping: mark the evidence first, then revise the answer using the Metadata evidence from Dublin Core Metadata Mapping Task.",Adaptive Tutor,PointInTime,2026-02-25T14:28:00Z,ISO 8601 UTC,,,,2026-02-25T14:28:00Z,,Dublin Core Metadata Mapping Taskpoint,Metadata,Dublin Core Metadata Mapping
Dublin Core Metadata Mapping Correction Note,LearningFeedback,Learner Edward,Dublin Core Metadata Mapping: correct the missing cue around Metadata before resubmitting the practice artifact.,Learning Platform,PointInTime,2026-02-25T14:28:00Z,ISO 8601 UTC,,,,2026-02-25T14:28:00Z,,Dublin Core Metadata Mapping Taskpoint,Metadata,Dublin Core Metadata Mapping
Dublin Core Metadata Mapping Task Score Record,EvaluationResult,Learner Edward,Dublin Core Metadata Mapping Task recorded outcome: 67 Score Percent for Dublin Core Metadata Mapping.,Learning Platform,PointInTime,2026-02-25T14:28:00Z,ISO 8601 UTC,,,,2026-02-25T14:28:00Z,,Dublin Core Metadata Mapping Taskpoint,Metadata,Dublin Core Metadata Mapping
Observation Ontology Modeling Review Guidance,Response,Learner Chris,Observation Ontology Modeling: compare your draft with the worked case using the Ontology evidence from Observation Modeling Scenario.,Adaptive Tutor,PointInTime,2026-02-26T14:00:00Z,ISO 8601 UTC,,,,2026-02-26T14:00:00Z,,Observation Ontology Modeling Review,Ontology,Observation Ontology Modeling
Observation Ontology Modeling Revision Guidance,LearningFeedback,Learner Chris,Observation Ontology Modeling: compare the nearby alternative around Ontology before resubmitting the practice artifact.,Instructor Reviewer,PointInTime,2026-02-26T14:00:00Z,ISO 8601 UTC,,,,2026-02-26T14:00:00Z,,Observation Ontology Modeling Review,Ontology,Observation Ontology Modeling
Observation Modeling Scenario Rubric Rating,EvaluationResult,Learner Chris,Observation Modeling Scenario checkpoint value: 74 Score Percent for Observation Ontology Modeling.,Instructor Reviewer,PointInTime,2026-02-26T14:00:00Z,ISO 8601 UTC,,,,2026-02-26T14:00:00Z,,Observation Ontology Modeling Review,Ontology,Observation Ontology Modeling
Provenance Relationship Modeling Next Step,Response,Learner Carla,Provenance Relationship Modeling: name the missing assumption before continuing using the Provenance evidence from Provenance Chain Modeling Task.,Adaptive Tutor,PointInTime,2026-02-27T14:07:00Z,ISO 8601 UTC,,,,2026-02-27T14:07:00Z,,Provenance Relationship Modeling Practice Update,Provenance,Provenance Relationship Modeling
Provenance Relationship Modeling Coaching Note,LearningFeedback,Learner Carla,Provenance Relationship Modeling: make the decision rule explicit around Provenance before resubmitting the practice artifact.,Instructor Reviewer,PointInTime,2026-02-27T14:07:00Z,ISO 8601 UTC,,,,2026-02-27T14:07:00Z,,Provenance Relationship Modeling Practice Update,Provenance,Provenance Relationship Modeling
Provenance Chain Modeling Task Checkpoint Score,EvaluationResult,Learner Carla,Provenance Chain Modeling Task assessment entry: 81 Score Percent for Provenance Relationship Modeling.,Instructor Reviewer,PointInTime,2026-02-27T14:07:00Z,ISO 8601 UTC,,,,2026-02-27T14:07:00Z,,Provenance Relationship Modeling Practice Update,Provenance,Provenance Relationship Modeling
SKOS Concept Scheme Modeling Practice Prompt,Response,Learner Oratius,SKOS Concept Scheme Modeling: write the relation or rule in plain language using the Taxonomy evidence from Concept Scheme Modeling Task.,Adaptive Tutor,PointInTime,2026-02-28T14:14:00Z,ISO 8601 UTC,,,,2026-02-28T14:14:00Z,,SKOS Concept Scheme Modeling Scenario Update,Taxonomy,SKOS Concept Scheme Modeling
SKOS Concept Scheme Modeling Practice Cue,LearningFeedback,Learner Oratius,SKOS Concept Scheme Modeling: add evidence for the modeling choice around Taxonomy before resubmitting the practice artifact.,Instructor Reviewer,PointInTime,2026-02-28T14:14:00Z,ISO 8601 UTC,,,,2026-02-28T14:14:00Z,,SKOS Concept Scheme Modeling Scenario Update,Taxonomy,SKOS Concept Scheme Modeling
Concept Scheme Modeling Task Performance Note,EvaluationResult,Learner Oratius,Concept Scheme Modeling Task evidence update: 88 Score Percent for SKOS Concept Scheme Modeling.,Instructor Reviewer,PointInTime,2026-02-28T14:14:00Z,ISO 8601 UTC,,,,2026-02-28T14:14:00Z,,SKOS Concept Scheme Modeling Scenario Update,Taxonomy,SKOS Concept Scheme Modeling
Ontology Tool Selection Revision Cue,Response,Learner Connie,Ontology Tool Selection: try the task again with one fewer hint using the Protege evidence from Modeling Tool Selection Matrix.,Adaptive Tutor,PointInTime,2026-03-01T14:21:00Z,ISO 8601 UTC,,,,2026-03-01T14:21:00Z,,Ontology Tool Selection Task Evidence,Protege,Ontology Tool Selection
Ontology Tool Selection Review Comment,LearningFeedback,Learner Connie,Ontology Tool Selection: extend the same reasoning around Protege before resubmitting the practice artifact.,Instructor Reviewer,PointInTime,2026-03-01T14:21:00Z,ISO 8601 UTC,,,,2026-03-01T14:21:00Z,,Ontology Tool Selection Task Evidence,Protege,Ontology Tool Selection
Modeling Tool Selection Matrix Assessment Value,EvaluationResult,Learner Connie,Modeling Tool Selection Matrix scored artifact: 95 Score Percent for Ontology Tool Selection.,Instructor Reviewer,PointInTime,2026-03-01T14:21:00Z,ISO 8601 UTC,,,,2026-03-01T14:21:00Z,,Ontology Tool Selection Task Evidence,Protege,Ontology Tool Selection
Protege Ontology Editing Tutor Note,Response,Learner Elias,Protege Ontology Editing: check whether the example supports the conclusion using the Ontology evidence from Protege Editing Lab.,Adaptive Tutor,PointInTime,2026-03-02T14:28:00Z,ISO 8601 UTC,,,,2026-03-02T14:28:00Z,,Protege Ontology Editing Revision State,Ontology,Protege Ontology Editing
Protege Ontology Editing Next Step Note,LearningFeedback,Learner Elias,Protege Ontology Editing: separate the confused terms around Ontology before resubmitting the practice artifact.,Instructor Reviewer,PointInTime,2026-03-02T14:28:00Z,ISO 8601 UTC,,,,2026-03-02T14:28:00Z,,Protege Ontology Editing Revision State,Ontology,Protege Ontology Editing
Protege Editing Lab Review Result,EvaluationResult,Learner Elias,Protege Editing Lab review summary: 69 Score Percent for Protege Ontology Editing.,Instructor Reviewer,PointInTime,2026-03-02T14:28:00Z,ISO 8601 UTC,,,,2026-03-02T14:28:00Z,,Protege Ontology Editing Revision State,Ontology,Protege Ontology Editing
Knowledge Graph Deployment Planning Checkpoint Advice,Response,Learner Connie,Knowledge Graph Deployment Planning: turn the feedback into a two-step revision using the Knowledge Graph evidence from KG Deployment Readiness Review.,Adaptive Tutor,PointInTime,2026-03-03T14:00:00Z,ISO 8601 UTC,,,,2026-03-03T14:00:00Z,,Knowledge Graph Deployment Planning Rubric Update,Knowledge Graph,Knowledge Graph Deployment Planning
Knowledge Graph Deployment Planning Evidence Prompt,LearningFeedback,Learner Connie,Knowledge Graph Deployment Planning: make the decision rule explicit around Knowledge Graph before resubmitting the practice artifact.,Instructor Reviewer,PointInTime,2026-03-03T14:00:00Z,ISO 8601 UTC,,,,2026-03-03T14:00:00Z,,Knowledge Graph Deployment Planning Rubric Update,Knowledge Graph,Knowledge Graph Deployment Planning
KG Deployment Readiness Review Task Score,EvaluationResult,Learner Connie,KG Deployment Readiness Review performance trace: 76 Score Percent for Knowledge Graph Deployment Planning.,Instructor Reviewer,PointInTime,2026-03-03T14:00:00Z,ISO 8601 UTC,,,,2026-03-03T14:00:00Z,,Knowledge Graph Deployment Planning Rubric Update,Knowledge Graph,Knowledge Graph Deployment Planning
Knowledge Engineering Workflow Planning Extension Prompt,Response,Learner Cameron,Knowledge Engineering Workflow Planning: use a contrasting example to test the claim using the Knowledge Graph evidence from Knowledge Engineering Workflow Plan.,Adaptive Tutor,PointInTime,2026-03-04T14:07:00Z,ISO 8601 UTC,,,,2026-03-04T14:07:00Z,,Knowledge Engineering Workflow Planning Application Snapshot,Knowledge Graph,Knowledge Engineering Workflow Planning
Knowledge Engineering Workflow Planning Extension Prompt,LearningFeedback,Learner Cameron,Knowledge Engineering Workflow Planning: use a contrasting example to test the claim using the Knowledge Graph evidence from Knowledge Engineering Workflow Plan.,Instructor Reviewer,PointInTime,2026-03-04T14:07:00Z,ISO 8601 UTC,,,,2026-03-04T14:07:00Z,,Knowledge Engineering Workflow Planning Application Snapshot,Knowledge Graph,Knowledge Engineering Workflow Planning
Knowledge Engineering Workflow Plan Evidence Rating,EvaluationResult,Learner Cameron,Knowledge Engineering Workflow Plan rubric entry: 83 Score Percent for Knowledge Engineering Workflow Planning.,Instructor Reviewer,PointInTime,2026-03-04T14:07:00Z,ISO 8601 UTC,,,,2026-03-04T14:07:00Z,,Knowledge Engineering Workflow Planning Application Snapshot,Knowledge Graph,Knowledge Engineering Workflow Planning
Reification Pattern Modeling Hint,Response,Learner Courtney,Reification Pattern Modeling: add a short rationale for the chosen representation using the N-ary Relations evidence from Reification Modeling Scenario.,Adaptive Tutor,PointInTime,2026-03-05T14:14:00Z,ISO 8601 UTC,,,,2026-03-05T14:14:00Z,,Reification Modeling Scenariopoint,N-ary Relations,Reification Pattern Modeling
Reification Pattern Modeling Correction Note,LearningFeedback,Learner Courtney,Reification Pattern Modeling: extend the same reasoning around N-ary Relations before resubmitting the practice artifact.,Instructor Reviewer,PointInTime,2026-03-05T14:14:00Z,ISO 8601 UTC,,,,2026-03-05T14:14:00Z,,Reification Modeling Scenariopoint,N-ary Relations,Reification Pattern Modeling
Reification Modeling Scenario Score Record,EvaluationResult,Learner Courtney,Reification Modeling Scenario recorded outcome: 90 Score Percent for Reification Pattern Modeling.,Instructor Reviewer,PointInTime,2026-03-05T14:14:00Z,ISO 8601 UTC,,,,2026-03-05T14:14:00Z,,Reification Modeling Scenariopoint,N-ary Relations,Reification Pattern Modeling
GraphQL Query Mapping Review Guidance,Response,Learner Ronnie,GraphQL Query Mapping: separate terminology recall from model judgment using the Query evidence from GraphQL Mapping Exercise.,Adaptive Tutor,PointInTime,2026-03-06T14:21:00Z,ISO 8601 UTC,,,,2026-03-06T14:21:00Z,,GraphQL Query Mapping Review,Query,GraphQL Query Mapping
GraphQL Query Mapping Revision Guidance,LearningFeedback,Learner Ronnie,GraphQL Query Mapping: separate the confused terms around Query before resubmitting the practice artifact.,Instructor Reviewer,PointInTime,2026-03-06T14:21:00Z,ISO 8601 UTC,,,,2026-03-06T14:21:00Z,,GraphQL Query Mapping Review,Query,GraphQL Query Mapping
GraphQL Mapping Exercise Rubric Rating,EvaluationResult,Learner Ronnie,GraphQL Mapping Exercise checkpoint value: 64 Score Percent for GraphQL Query Mapping.,Instructor Reviewer,PointInTime,2026-03-06T14:21:00Z,ISO 8601 UTC,,,,2026-03-06T14:21:00Z,,GraphQL Query Mapping Review,Query,GraphQL Query Mapping
Knowledge Graph Documentation Planning Next Step,Response,Learner Connie,Knowledge Graph Documentation Planning: trace the decision from topic cue to final artifact using the Metadata evidence from Documentation Coverage Review.,Adaptive Tutor,PointInTime,2026-03-07T14:28:00Z,ISO 8601 UTC,,,,2026-03-07T14:28:00Z,,Knowledge Graph Documentation Planning Practice Update,Metadata,Knowledge Graph Documentation Planning
Knowledge Graph Documentation Planning Coaching Note,LearningFeedback,Learner Connie,Knowledge Graph Documentation Planning: repair the unsupported step around Metadata before resubmitting the practice artifact.,Instructor Reviewer,PointInTime,2026-03-07T14:28:00Z,ISO 8601 UTC,,,,2026-03-07T14:28:00Z,,Knowledge Graph Documentation Planning Practice Update,Metadata,Knowledge Graph Documentation Planning
Documentation Coverage Review Checkpoint Score,EvaluationResult,Learner Connie,Documentation Coverage Review assessment entry: 71 Score Percent for Knowledge Graph Documentation Planning.,Instructor Reviewer,PointInTime,2026-03-07T14:28:00Z,ISO 8601 UTC,,,,2026-03-07T14:28:00Z,,Knowledge Graph Documentation Planning Practice Update,Metadata,Knowledge Graph Documentation Planning
Knowledge Graph Visualization Tool Selection Practice Prompt,Response,Learner Usman,Knowledge Graph Visualization Tool Selection: summarize the result as a reviewer note using the Knowledge Graph evidence from Visualization Tool Selection Brief.,Adaptive Tutor,PointInTime,2026-03-08T14:00:00Z,ISO 8601 UTC,,,,2026-03-08T14:00:00Z,,Knowledge Graph Visualization Tool Selection Scenario Update,Knowledge Graph,Knowledge Graph Visualization Tool Selection
Knowledge Graph Visualization Tool Selection Practice Cue,LearningFeedback,Learner Usman,Knowledge Graph Visualization Tool Selection: add evidence for the modeling choice around Knowledge Graph before resubmitting the practice artifact.,Instructor Reviewer,PointInTime,2026-03-08T14:00:00Z,ISO 8601 UTC,,,,2026-03-08T14:00:00Z,,Knowledge Graph Visualization Tool Selection Scenario Update,Knowledge Graph,Knowledge Graph Visualization Tool Selection
Visualization Tool Selection Brief Performance Note,EvaluationResult,Learner Usman,Visualization Tool Selection Brief evidence update: 78 Score Percent for Knowledge Graph Visualization Tool Selection.,Instructor Reviewer,PointInTime,2026-03-08T14:00:00Z,ISO 8601 UTC,,,,2026-03-08T14:00:00Z,,Knowledge Graph Visualization Tool Selection Scenario Update,Knowledge Graph,Knowledge Graph Visualization Tool Selection
Upper Ontology Alignment Revision Cue,Response,Learner Stella,"Upper Ontology Alignment: mark the evidence first, then revise the answer using the Ontology evidence from Upper Ontology Alignment Review.",Adaptive Tutor,PointInTime,2026-03-09T14:07:00Z,ISO 8601 UTC,,,,2026-03-09T14:07:00Z,,Upper Ontology Alignment Task Evidence,Ontology,Upper Ontology Alignment
Upper Ontology Alignment Review Comment,LearningFeedback,Learner Stella,Upper Ontology Alignment: strengthen the justification around Ontology before resubmitting the practice artifact.,Instructor Reviewer,PointInTime,2026-03-09T14:07:00Z,ISO 8601 UTC,,,,2026-03-09T14:07:00Z,,Upper Ontology Alignment Task Evidence,Ontology,Upper Ontology Alignment
Upper Ontology Alignment Review Assessment Value,EvaluationResult,Learner Stella,Upper Ontology Alignment Review scored artifact: 2 Rubric Level for Upper Ontology Alignment.,Instructor Reviewer,PointInTime,2026-03-09T14:07:00Z,ISO 8601 UTC,,,,2026-03-09T14:07:00Z,,Upper Ontology Alignment Task Evidence,Ontology,Upper Ontology Alignment
Modular Ontology Design Tutor Note,Response,Learner Connie,Modular Ontology Design: compare your draft with the worked case using the Ontology evidence from Modular Ontology Boundary Review.,Adaptive Tutor,PointInTime,2026-03-10T14:14:00Z,ISO 8601 UTC,,,,2026-03-10T14:14:00Z,,Modular Ontology Design Revision State,Ontology,Modular Ontology Design
Modular Ontology Design Next Step Note,LearningFeedback,Learner Connie,Modular Ontology Design: move to a less guided case around Ontology before resubmitting the practice artifact.,Instructor Reviewer,PointInTime,2026-03-10T14:14:00Z,ISO 8601 UTC,,,,2026-03-10T14:14:00Z,,Modular Ontology Design Revision State,Ontology,Modular Ontology Design
Modular Ontology Boundary Review Review Result,EvaluationResult,Learner Connie,Modular Ontology Boundary Review review summary: 3 Rubric Level for Modular Ontology Design.,Instructor Reviewer,PointInTime,2026-03-10T14:14:00Z,ISO 8601 UTC,,,,2026-03-10T14:14:00Z,,Modular Ontology Design Revision State,Ontology,Modular Ontology Design
Triplestore Selection Checkpoint Advice,Response,Learner Courtney,Triplestore Selection: name the missing assumption before continuing using the Query evidence from Triplestore Selection Matrix.,Adaptive Tutor,PointInTime,2026-03-11T14:21:00Z,ISO 8601 UTC,,,,2026-03-11T14:21:00Z,,Triplestore Selection Rubric Update,Query,Triplestore Selection
Triplestore Selection Evidence Prompt,LearningFeedback,Learner Courtney,Triplestore Selection: repair the unsupported step around Query before resubmitting the practice artifact.,Instructor Reviewer,PointInTime,2026-03-11T14:21:00Z,ISO 8601 UTC,,,,2026-03-11T14:21:00Z,,Triplestore Selection Rubric Update,Query,Triplestore Selection
Triplestore Selection Matrix Task Score,EvaluationResult,Learner Courtney,Triplestore Selection Matrix performance trace: 66 Score Percent for Triplestore Selection.,Instructor Reviewer,PointInTime,2026-03-11T14:21:00Z,ISO 8601 UTC,,,,2026-03-11T14:21:00Z,,Triplestore Selection Rubric Update,Query,Triplestore Selection
Semantic Web History Explanation Extension Prompt,Response,Learner Silas,Semantic Web History Explanation: write the relation or rule in plain language using the Ontology evidence from Semantic Web Timeline Explanation.,Adaptive Tutor,PointInTime,2026-03-12T14:28:00Z,ISO 8601 UTC,,,,2026-03-12T14:28:00Z,,Semantic Web History Explanation Application Snapshot,Ontology,Semantic Web History Explanation
Semantic Web History Explanation Extension Prompt,LearningFeedback,Learner Silas,Semantic Web History Explanation: write the relation or rule in plain language using the Ontology evidence from Semantic Web Timeline Explanation.,Learning Platform,PointInTime,2026-03-12T14:28:00Z,ISO 8601 UTC,,,,2026-03-12T14:28:00Z,,Semantic Web History Explanation Application Snapshot,Ontology,Semantic Web History Explanation
Semantic Web Timeline Explanation Evidence Rating,EvaluationResult,Learner Silas,Semantic Web Timeline Explanation rubric entry: 73 Score Percent for Semantic Web History Explanation.,Learning Platform,PointInTime,2026-03-12T14:28:00Z,ISO 8601 UTC,,,,2026-03-12T14:28:00Z,,Semantic Web History Explanation Application Snapshot,Ontology,Semantic Web History Explanation
Property Graph Comparison Hint,Response,Learner Kai,Property Graph Comparison: try the task again with one fewer hint using the Graph evidence from Property Graph Comparison Brief.,Adaptive Tutor,PointInTime,2026-03-13T14:00:00Z,ISO 8601 UTC,,,,2026-03-13T14:00:00Z,,Property Graph Comparison Checkpoint,Graph,Property Graph Comparison
Property Graph Comparison Correction Note,LearningFeedback,Learner Kai,Property Graph Comparison: strengthen the justification around Graph before resubmitting the practice artifact.,Instructor Reviewer,PointInTime,2026-03-13T14:00:00Z,ISO 8601 UTC,,,,2026-03-13T14:00:00Z,,Property Graph Comparison Checkpoint,Graph,Property Graph Comparison
Property Graph Comparison Brief Score Record,EvaluationResult,Learner Kai,Property Graph Comparison Brief recorded outcome: 80 Score Percent for Property Graph Comparison.,Instructor Reviewer,PointInTime,2026-03-13T14:00:00Z,ISO 8601 UTC,,,,2026-03-13T14:00:00Z,,Property Graph Comparison Checkpoint,Graph,Property Graph Comparison
Nanopublication Claim Modeling Review Guidance,Response,Learner Ella,Nanopublication Claim Modeling: check whether the example supports the conclusion using the Provenance evidence from Nanopublication Claim Card.,Adaptive Tutor,PointInTime,2026-03-14T14:07:00Z,ISO 8601 UTC,,,,2026-03-14T14:07:00Z,,Nanopublication Claim Modeling Review,Provenance,Nanopublication Claim Modeling
Nanopublication Claim Modeling Revision Guidance,LearningFeedback,Learner Ella,Nanopublication Claim Modeling: compare the nearby alternative around Provenance before resubmitting the practice artifact.,Instructor Reviewer,PointInTime,2026-03-14T14:07:00Z,ISO 8601 UTC,,,,2026-03-14T14:07:00Z,,Nanopublication Claim Modeling Review,Provenance,Nanopublication Claim Modeling
Nanopublication Claim Card Rubric Rating,EvaluationResult,Learner Ella,Nanopublication Claim Card checkpoint value: 87 Score Percent for Nanopublication Claim Modeling.,Instructor Reviewer,PointInTime,2026-03-14T14:07:00Z,ISO 8601 UTC,,,,2026-03-14T14:07:00Z,,Nanopublication Claim Modeling Review,Provenance,Nanopublication Claim Modeling
Reasoner Capability Comparison Next Step,Response,Learner Ethan,Reasoner Capability Comparison: turn the feedback into a two-step revision using the Complexity evidence from Reasoner Capability Matrix.,Adaptive Tutor,PointInTime,2026-03-15T14:14:00Z,ISO 8601 UTC,,,,2026-03-15T14:14:00Z,,Reasoner Capability Comparison Practice Update,Complexity,Reasoner Capability Comparison
Reasoner Capability Comparison Coaching Note,LearningFeedback,Learner Ethan,Reasoner Capability Comparison: explain the successful pattern around Complexity before resubmitting the practice artifact.,Instructor Reviewer,PointInTime,2026-03-15T14:14:00Z,ISO 8601 UTC,,,,2026-03-15T14:14:00Z,,Reasoner Capability Comparison Practice Update,Complexity,Reasoner Capability Comparison
Reasoner Capability Matrix Checkpoint Score,EvaluationResult,Learner Ethan,Reasoner Capability Matrix assessment entry: 94 Score Percent for Reasoner Capability Comparison.,Instructor Reviewer,PointInTime,2026-03-15T14:14:00Z,ISO 8601 UTC,,,,2026-03-15T14:14:00Z,,Reasoner Capability Comparison Practice Update,Complexity,Reasoner Capability Comparison
Entailment Regime Selection Practice Prompt,Response,Learner Debbie,Entailment Regime Selection: use a contrasting example to test the claim using the Inference evidence from Entailment Regime Selection Scenario.,Adaptive Tutor,PointInTime,2026-03-16T14:21:00Z,ISO 8601 UTC,,,,2026-03-16T14:21:00Z,,Entailment Regime Selection Scenario Update,Inference,Entailment Regime Selection
Entailment Regime Selection Practice Cue,LearningFeedback,Learner Debbie,Entailment Regime Selection: recheck the example boundary around Inference before resubmitting the practice artifact.,Instructor Reviewer,PointInTime,2026-03-16T14:21:00Z,ISO 8601 UTC,,,,2026-03-16T14:21:00Z,,Entailment Regime Selection Scenario Update,Inference,Entailment Regime Selection
Entailment Regime Selection Scenario Performance Note,EvaluationResult,Learner Debbie,Entailment Regime Selection Scenario evidence update: 68 Score Percent for Entailment Regime Selection.,Instructor Reviewer,PointInTime,2026-03-16T14:21:00Z,ISO 8601 UTC,,,,2026-03-16T14:21:00Z,,Entailment Regime Selection Scenario Update,Inference,Entailment Regime Selection
RDF Plus Property Reasoning Revision Cue,Response,Learner Edward,RDF Plus Property Reasoning: add a short rationale for the chosen representation using the Property evidence from RDF Plus Property Reasoning Drill.,Adaptive Tutor,PointInTime,2026-03-17T14:28:00Z,ISO 8601 UTC,,,,2026-03-17T14:28:00Z,,RDF Plus Property Reasoning Task Evidence,Property,RDF Plus Property Reasoning
RDF Plus Property Reasoning Review Comment,LearningFeedback,Learner Edward,RDF Plus Property Reasoning: strengthen the justification around Property before resubmitting the practice artifact.,Instructor Reviewer,PointInTime,2026-03-17T14:28:00Z,ISO 8601 UTC,,,,2026-03-17T14:28:00Z,,RDF Plus Property Reasoning Task Evidence,Property,RDF Plus Property Reasoning
RDF Plus Property Reasoning Drill Assessment Value,EvaluationResult,Learner Edward,RDF Plus Property Reasoning Drill scored artifact: 75 Score Percent for RDF Plus Property Reasoning.,Instructor Reviewer,PointInTime,2026-03-17T14:28:00Z,ISO 8601 UTC,,,,2026-03-17T14:28:00Z,,RDF Plus Property Reasoning Task Evidence,Property,RDF Plus Property Reasoning
Open Graph Metadata Mapping Tutor Note,Response,Learner Chris,Open Graph Metadata Mapping: separate terminology recall from model judgment using the Metadata evidence from Open Graph Metadata Audit.,Adaptive Tutor,PointInTime,2026-03-18T14:00:00Z,ISO 8601 UTC,,,,2026-03-18T14:00:00Z,,Open Graph Metadata Mapping Revision State,Metadata,Open Graph Metadata Mapping
Open Graph Metadata Mapping Next Step Note,LearningFeedback,Learner Chris,Open Graph Metadata Mapping: compare the nearby alternative around Metadata before resubmitting the practice artifact.,Learning Platform,PointInTime,2026-03-18T14:00:00Z,ISO 8601 UTC,,,,2026-03-18T14:00:00Z,,Open Graph Metadata Mapping Revision State,Metadata,Open Graph Metadata Mapping
Open Graph Metadata Audit Review Result,EvaluationResult,Learner Chris,Open Graph Metadata Audit review summary: 82 Score Percent for Open Graph Metadata Mapping.,Learning Platform,PointInTime,2026-03-18T14:00:00Z,ISO 8601 UTC,,,,2026-03-18T14:00:00Z,,Open Graph Metadata Mapping Revision State,Metadata,Open Graph Metadata Mapping
SPARQL Query Pattern Readiness Hint,Response,Learner Morgan,SPARQL Query Pattern Construction: start from the graph pattern and check whether each selected variable is bound before revising the query.,Adaptive Tutor,PointInTime,2026-03-19T13:00:00Z,ISO 8601 UTC,,,,2026-03-19T13:00:00Z,,SPARQL Query Pattern Readiness Observation,Query,SPARQL Query Pattern Construction
SPARQL Query Pattern Readiness Feedback,LearningFeedback,Learner Morgan,SPARQL Query Pattern Construction needs one more pass on variable binding before moving to the entailment scenario.,Learning Platform,PointInTime,2026-03-19T13:00:00Z,ISO 8601 UTC,,,,2026-03-19T13:00:00Z,,SPARQL Query Pattern Readiness Observation,Query,SPARQL Query Pattern Construction
SPARQL Query Pattern Readiness Score,EvaluationResult,Learner Morgan,SPARQL Query Repair Task readiness score: 79 Score Percent for SPARQL Query Pattern Construction.,Learning Platform,PointInTime,2026-03-19T13:00:00Z,ISO 8601 UTC,,,,2026-03-19T13:00:00Z,,SPARQL Query Pattern Readiness Observation,Query,SPARQL Query Pattern Construction
Modular Ontology Contribution Planning Response,Response,Learner Morgan,Modular Ontology Design: separate the reusable module boundary from the project-specific modeling choice before drafting the contribution note.,Adaptive Tutor,PointInTime,2026-03-20T13:20:00Z,ISO 8601 UTC,,,,2026-03-20T13:20:00Z,,Modular Ontology Contribution Planning Awareness,Ontology,Modular Ontology Design
Modular Ontology Contribution Planning Feedback,LearningFeedback,Learner Morgan,"Modular Ontology Design is coherent, but the contribution plan should name the reuse boundary and dependency assumptions explicitly.",Instructor Reviewer,PointInTime,2026-03-20T13:20:00Z,ISO 8601 UTC,,,,2026-03-20T13:20:00Z,,Modular Ontology Contribution Planning Awareness,Ontology,Modular Ontology Design
Modular Ontology Boundary Planning Result,EvaluationResult,Learner Morgan,Modular Ontology Boundary Review planning result: rubric level 3 for Modular Ontology Design.,Instructor Reviewer,PointInTime,2026-03-20T13:20:00Z,ISO 8601 UTC,,,,2026-03-20T13:20:00Z,,Modular Ontology Contribution Planning Awareness,Ontology,Modular Ontology Design
Executive KG Metadata Framing Hint,Response,Learner Morgan,Dublin Core Metadata Mapping: connect each metadata field to a decision an executive audience would recognize before summarizing the value claim.,Adaptive Tutor,PointInTime,2026-03-21T13:40:00Z,ISO 8601 UTC,,,,2026-03-21T13:40:00Z,,Executive KG Value Framing Awareness,Metadata,Dublin Core Metadata Mapping
Executive KG Metadata Framing Feedback,LearningFeedback,Learner Morgan,"The metadata mapping is accurate, but the executive framing should translate reuse into a concrete business decision point.",Learning Platform,PointInTime,2026-03-21T13:40:00Z,ISO 8601 UTC,,,,2026-03-21T13:40:00Z,,Executive KG Value Framing Awareness,Metadata,Dublin Core Metadata Mapping
Dublin Core Executive Framing Score,EvaluationResult,Learner Morgan,Dublin Core Metadata Mapping Task executive framing score: 72 Score Percent for Dublin Core Metadata Mapping.,Learning Platform,PointInTime,2026-03-21T13:40:00Z,ISO 8601 UTC,,,,2026-03-21T13:40:00Z,,Executive KG Value Framing Awareness,Metadata,Dublin Core Metadata Mapping
Semantic Web Foundation Baseline Hint,Response,Learner Riley,Semantic Web Vocabulary Recall: distinguish metadata examples from knowledge graph structure examples before repeating the concept check.,Adaptive Tutor,PointInTime,2026-03-22T14:00:00Z,ISO 8601 UTC,,,,2026-03-22T14:00:00Z,,Semantic Web Foundation Baseline Awareness,Metadata,Semantic Web Vocabulary Recall
Semantic Web Foundation Baseline Feedback,LearningFeedback,Learner Riley,"The baseline response identifies metadata examples, but it still blends metadata with graph structure in the explanation.",Learning Platform,PointInTime,2026-03-22T14:00:00Z,ISO 8601 UTC,,,,2026-03-22T14:00:00Z,,Semantic Web Foundation Baseline Awareness,Metadata,Semantic Web Vocabulary Recall
Metadata Foundation Baseline Score,EvaluationResult,Learner Riley,Metadata Concept Check baseline score: 70 Score Percent for Semantic Web Vocabulary Recall.,Learning Platform,PointInTime,2026-03-22T14:00:00Z,ISO 8601 UTC,,,,2026-03-22T14:00:00Z,,Semantic Web Foundation Baseline Awareness,Metadata,Semantic Web Vocabulary Recall
RDF Facilitation Planning Prompt,Response,Learner Riley,RDF Graph Interpretation: turn the triple annotation into a facilitator prompt that asks learners to justify subject predicate and object choices.,Adaptive Tutor,PointInTime,2026-03-23T14:20:00Z,ISO 8601 UTC,,,,2026-03-23T14:20:00Z,,KG Facilitation Planning Awareness,Triple,RDF Graph Interpretation
KG Facilitation Planning Feedback,LearningFeedback,Learner Riley,The facilitation plan uses the RDF graph example well; add one follow-up prompt for learners who confuse predicates with objects.,Learning Platform,PointInTime,2026-03-23T14:20:00Z,ISO 8601 UTC,,,,2026-03-23T14:20:00Z,,KG Facilitation Planning Awareness,Triple,RDF Graph Interpretation
RDF Graph Facilitation Planning Score,EvaluationResult,Learner Riley,RDF Graph Annotation Task facilitation planning score: 81 Score Percent for RDF Graph Interpretation.,Learning Platform,PointInTime,2026-03-23T14:20:00Z,ISO 8601 UTC,,,,2026-03-23T14:20:00Z,,KG Facilitation Planning Awareness,Triple,RDF Graph Interpretation
GraphQL Resource Development Guidance,Response,Learner Riley,GraphQL Query Mapping: show how the user-facing query need maps to graph data requirements before writing the resource example.,Adaptive Tutor,PointInTime,2026-03-24T14:40:00Z,ISO 8601 UTC,,,,2026-03-24T14:40:00Z,,KG Resource Development Awareness,Query,GraphQL Query Mapping
KG Resource Development Feedback,LearningFeedback,Learner Riley,"The resource example has a useful GraphQL scenario, but the mapping should name the graph pattern requirement more explicitly.",Instructor Reviewer,PointInTime,2026-03-24T14:40:00Z,ISO 8601 UTC,,,,2026-03-24T14:40:00Z,,KG Resource Development Awareness,Query,GraphQL Query Mapping
GraphQL Resource Development Rubric Result,EvaluationResult,Learner Riley,GraphQL Mapping Exercise resource development result: rubric level 3 for GraphQL Query Mapping.,Instructor Reviewer,PointInTime,2026-03-24T14:40:00Z,ISO 8601 UTC,,,,2026-03-24T14:40:00Z,,KG Resource Development Awareness,Query,GraphQL Query Mapping
